Club,Club Speed (MPH),Ball Speed (MPH),Launch Angle (Deg),Spin Rate (RPM),Face Angle (Deg),Face to Path (Deg),Club Path (Deg),Smash Factor,Carry (Yds),Total (Yds)
54 Wedge,81.6,96.4,27.7,9179,-5.7,-7.5,1.8,1.18,119.1,119.3
54 Wedge,84.9,93.7,33.4,6859,-,-,-,1.1,115.1,116.5
54 Wedge,85,94.6,29.6,8638,-4.5,-6.7,2.2,1.11,116.1,116.5
54 Wedge,82.9,94.3,30.6,6042,-5.1,-8.3,3.2,1.14,121.6,125.9
54 Wedge,85.1,98,27.7,8706,-,-,-,1.15,122.1,122.6
54 Wedge,84.4,92.8,30.3,10077,0.9,-0.9,1.8,1.1,110.9,109.7
54 Wedge,85.1,96.8,26.6,9137,-5,-6.4,1.4,1.14,120.7,121.3
54 Wedge,85,96.8,28.5,9126,-2.4,-4.8,2.4,1.14,119.1,119
54 Wedge,86.3,95.8,29,8337,5.1,2.5,2.6,1.11,118.8,119.6
54 Wedge,86.1,95.8,29.5,6544,-,-,-,1.11,123,126.5
54 Wedge,86,98.1,28.1,8663,-4.7,-7.3,2.6,1.14,122,122.5
7 Iron,89,131,15.4,4509,-4.5,-4.7,0.2,1.47,198.5,211.1
7 Iron,91,125.1,20.9,5169,4.8,3.8,1,1.37,182.2,189.3
7 Iron,89.5,127.7,18.2,4254,-5.7,-2.5,-3.2,1.43,195.3,206.7
7 Iron,90.2,127.6,18,4526,-2.1,-2.3,0.2,1.41,192.9,203.5
7 Iron,90.3,127.5,18.2,4648,-2.1,-1.1,-1,1.41,191.8,201.9
7 Iron,89.5,129.6,16.6,4222,-3.9,-4.3,0.4,1.45,198.7,211.5
7 Iron,89.7,129.9,16.4,4595,-4.1,-3.9,-0.2,1.45,196.2,207.7
7 Iron,89.5,125.6,20.2,4708,1.8,0.8,1,1.4,187.2,195.9
7 Iron,88.6,124.1,16.7,5132,0.8,0.6,0.2,1.4,182.7,192.9
5 Wood,101.5,150.6,15,3714,-3,2.2,-5.2,1.48,243,255.7
5 Wood,101.6,149.3,14,2899,-3.7,1.1,-4.8,1.47,250.2,269.9
5 Wood,102.7,144.8,14.9,2565,-3.4,1.2,-4.6,1.41,244.6,267.2
5 Wood,102.5,144.1,14.5,2643,-5.3,-0.5,-4.8,1.41,241.9,264.4
5 Wood,103.2,143.4,15.3,2586,-6,-1.2,-4.8,1.39,242,264
5 Wood,101.5,149.8,12.4,2429,-4.4,-0.8,-3.6,1.48,250.5,277.6
5 Wood,103.7,150.2,13.5,2771,-2.6,0.8,-3.4,1.45,252.5,274
5 Wood,102.5,143.7,14.8,2577,-3.6,1.4,-5,1.4,241.7,264.5
5 Wood,101.6,150.6,12.9,3088,-4.9,-0.9,-4,1.48,249.8,269
5 Wood,101.6,150.8,13.9,3695,-3.2,2.6,-5.8,1.48,243.1,257.2
5 Wood,102.8,153.1,11.5,2583,-5,1.4,-6.4,1.49,254.7,281.2
5 Wood,102.5,149.5,14.1,3088,-2.3,2.5,-4.8,1.46,247.9,266.2
4 Hybrid,91.3,135.2,13,4474,-0.3,1.9,-2.2,1.48,206.1,219.7
4 Hybrid,95.8,139,8.9,5198,2,5.6,-3.6,1.45,201.2,216.2
4 Hybrid,96.6,140.8,13.7,5175,-0.8,1.8,-2.6,1.46,210.2,219.9
4 Hybrid,97.1,142.8,15.1,5086,0.2,3.8,-3.6,1.47,213.5,222.3
4 Hybrid,96.7,140.6,16.8,3665,-1.3,4.3,-5.6,1.45,224.6,238
4 Hybrid,97.1,144.4,14.5,3877,-3,-0.6,-2.4,1.49,229.8,243.2
4 Hybrid,99.5,147,14.3,4238,-3.2,1.4,-4.6,1.48,230.1,241.5
4 Hybrid,98.1,142.9,16.3,3728,0.7,5.3,-4.6,1.46,228,241.2
4 Hybrid,98.6,146.4,13.6,4231,-5.7,-1.3,-4.4,1.48,229.2,241.4
3 Wood,78.1,77.5,21.1,6291,14.8,9.2,5.6,0.99,91.2,102.6
3 Wood,78.1,87.4,11.8,7121,-,-,-,1.12,99,115.2
3 Wood,-,88.1,16.5,9073,-,-,-,-,106.3,113.4
3 Wood,-,105.5,3.5,2745,-,-,-,-,80.3,135.2
3 Wood,84.5,76.3,22,7222,1,-7.2,8.2,0.9,89,97.8
3 Wood,-,84,8.4,10167,-,-,-,-,83.3,97
3 Wood,-,39.5,2.6,6561,-,-,-,-,4.3,14.8
3 Wood,84.9,125.6,0.6,1660,2,-2.8,4.8,1.48,22.6,90.1
3 Wood,85.8,93.5,9.3,7599,12.8,7.2,5.6,1.09,98.8,117.9
3 Wood,-,29.2,46.9,4919,-,-,-,-,17.6,19.3
3 Wood,91,79.3,21.2,13982,-,-,-,0.87,91.4,90.8
3 Wood,93.3,141.5,4.8,2030,4.4,-1.2,5.6,1.52,163.7,222.6
3 Wood,92.4,138.9,7,3295,15.9,9.9,6,1.5,177.8,216.6
3 Wood,92.7,89.7,17.1,12138,-4.3,-5.7,1.4,0.97,106.9,108.9
3 Wood,86.1,75.5,20.9,14778,-,-,-,0.88,84.7,83.9
3 Wood,88.5,129.3,0.3,1780,-4.1,-13.3,9.2,1.46,4.7,73.6
3 Wood,96.6,90.9,15.4,11874,-,-,-,0.94,108.5,111.5
3 Wood,89.1,81.3,20.3,6540,-,-,-,0.91,98.7,109.2
3 Wood,85.4,121.3,4.8,3628,6.1,2.3,3.8,1.42,113.9,163.6
3 Wood,-,116,0.1,2826,-,-,-,-,14.3,72.2
3 Wood,88.5,131,12.1,4619,15.6,12.2,3.4,1.48,181.7,200.9
3 Wood,92.8,84.1,15.3,11252,-,-,-,0.91,96.5,101.4
3 Wood,90.5,79.4,22.1,7000,-,-,-,0.88,95.8,104.3
3 Wood,88,121.8,9.2,3252,1.9,-3.1,5,1.38,167.6,199.5
3 Wood,91.4,128,0.5,2347,-1.7,-5,3.3,1.4,37.5,102.7
3 Wood,-,96.9,8.4,7874,-,-,-,-,111.3,127.4
3 Wood,87.9,125,4.9,3335,3.5,-2.3,5.8,1.42,151.7,193.4
3 Wood,92.4,90.8,10.6,7783,-,-,-,0.98,103.5,118.6
3 Wood,84.6,74,22.2,3582,-5.4,-5,-0.4,0.87,87.8,106.4
3 Wood,87.1,128.1,5.6,4102,14.4,9.8,4.6,1.47,133.6,176.8
3 Wood,-,46.6,39.3,5270,-,-,-,-,41.6,46.4
3 Wood,84.2,79.7,14.7,9439,-,-,-,0.95,87.8,97
3 Wood,85.3,75.5,23.9,7290,-,-,-,0.89,89,96.4
3 Wood,89.1,60.4,39.6,10013,-,-,-,0.68,60.7,59.8
3 Wood,53.8,40.4,42.6,6891,-,-,-,0.75,31.9,33.5
3 Wood,47.9,40.3,42,5320,1.4,8.4,-7,0.84,32.1,35.7
3 Wood,85.7,123.6,13.6,3847,-2.2,-2.6,0.4,1.44,187.6,205.8
7 Iron,78.2,107,22.3,5544,0.1,4.3,-4.2,1.37,149.6,157.5
7 Iron,77.8,102.7,20.7,5282,-1,5.4,-6.4,1.32,142.9,153.2
7 Iron,81.7,113.8,19.8,5917,-1.5,4.9,-6.4,1.39,159.8,167.4
7 Iron,81.2,111.7,22.1,5981,-0.3,5.3,-5.6,1.38,155.3,161.8
7 Iron,79.8,107,22.1,6030,-3.4,4.6,-8,1.34,147.4,154.3
7 Iron,95.6,142,4.4,3347,-5.5,1.9,-7.4,1.48,176.1,219.1
7 Iron,87.9,129.9,8.6,1790,5.4,9.6,-4.2,1.48,145.8,201.8
7 Iron,91.6,137.5,2.3,2363,-2.4,3.4,-5.8,1.5,38,115.8
7 Iron,-,97.3,6,3040,-,-,-,-,89.6,134.5
7 Iron,-,97.6,5.4,3816,-,-,-,-,92,132.6
7 Iron,86.2,128.4,7.9,1790,-3.9,-0.1,-3.8,1.49,159.8,212.1
7 Iron,-,102.9,8.7,4010,-,-,-,-,124.8,155.4
7 Iron,61.9,75.1,15.7,2940,-10.4,-8.8,-1.6,1.21,77.1,106
7 Iron,-,90,12.3,1940,-4.6,-,-,-,93.5,135.5
7 Iron,68.4,93.2,20.2,5110,-1.6,7,-8.6,1.36,124.2,137
7 Iron,65.4,90.7,9.1,2480,-15.8,-10.6,-5.2,1.39,76.4,122.2
7 Iron,68.8,61.5,24.1,5700,-8.8,-4.2,-4.6,0.89,63.7,75.2
7 Iron,67.9,91.6,19.6,4351,-8.3,-1.9,-6.4,1.35,122.9,138.7
7 Iron,67.2,93.3,18.3,4217,-5.4,-1,-4.4,1.39,125.7,143
7 Iron,68.8,73.9,11.4,3570,-,-,-,1.07,65.8,96.7
7 Iron,65.1,90.7,17.1,3460,-7.9,-5.3,-2.6,1.39,117.8,140.7
7 Iron,65.3,96.1,17.1,3640,-7.3,-5.9,-1.4,1.47,130.2,151.2
7 Iron,66.8,95.1,16.4,3640,-12.3,-10.9,-1.4,1.43,122.9,146.2
7 Iron,70.2,73,14.4,5125,-,-,-12.6,1.04,63.2,87.5
7 Iron,-,15.5,54.5,1680,-,-,-,-,4.9,6.5
7 Iron,69.8,98.4,19.9,4768,-0.3,11.1,-11.4,1.41,134.4,148.2
7 Iron,69.6,102.8,14.7,3660,-5.5,0.7,-6.2,1.48,142.7,165
7 Iron,67.6,92.2,19.9,4960,0.2,4.3,-4.1,1.36,122.9,136.4
7 Iron,-,70.1,18.7,5240,-,-,-,-,75.3,91.7
7 Iron,78.9,99.1,20.9,6957,3,9.6,-6.6,1.26,130.4,137.4
7 Iron,91.6,123.8,12.4,3610,-0.5,3.9,-4.4,1.35,185,206.8
7 Iron,-,125,1.2,2510,-,-,-,-,77,141.5
7 Iron,95.1,119.9,0.5,2540,-,-,-,1.26,37.6,99.9
7 Iron,-,121.6,10.2,5010,-,-,-,-,172.8,189.9
7 Iron,96.8,129.6,18.3,4933,7.5,12.1,-4.6,1.34,189.7,200.5
7 Iron,81.1,118.3,14.6,4620,-2.7,-3.5,0.8,1.46,173.3,188
7 Iron,82.9,116.7,16.3,4308,3.4,-0.8,4.2,1.41,173.5,188
7 Iron,85.1,116.9,16.2,4332,1.1,-2.1,3.2,1.37,173.4,188
7 Iron,84.7,105.7,15.5,4520,-4.2,-7.6,3.4,1.25,145.8,163.5
7 Iron,85.9,124.2,14.4,4890,-2.8,-2.2,-0.6,1.45,183.4,196.1
7 Iron,88.6,129.8,15.6,5410,1.9,1.3,0.6,1.46,190.5,199.7
7 Iron,88.1,127.6,17.9,4802,2.1,-0.3,2.4,1.45,190.8,200.5
7 Iron,90.2,124.3,14.4,5060,-0.2,-2.8,2.6,1.38,182.5,194.6
7 Iron,88.7,128.7,14.3,4615,-1.9,-4.3,2.4,1.45,193,206.2
7 Iron,90.2,126.9,16.5,5710,1.6,1.6,0,1.41,183.6,191.9
7 Iron,89.6,128,16.5,5580,1.1,1.3,-0.2,1.43,186.2,194.6
7 Iron,91.2,130.1,15.3,4744,-4.8,-4.8,0,1.43,195,207
7 Iron,90.9,122.1,18.3,6200,0.6,2.2,-1.6,1.34,172.4,179.1
7 Iron,90.8,122.2,19.5,6120,-5.1,2.1,-7.2,1.35,172.5,178.5
7 Iron,85.3,122.5,11.9,5110,-8.6,-7,-1.6,1.44,174.7,189.9
7 Iron,89.7,127.4,13.8,5620,-6.7,-5.5,-1.2,1.42,184.1,194.6
7 Iron,90.8,129.2,12.4,5410,-5.2,-4,-1.2,1.42,188,199.9
7 Iron,90.3,116.8,4.7,3650,-4.8,-2.8,-2,1.29,136.7,176.2
7 Iron,69.5,90.6,22,4870,-2.2,-1.2,-1,1.3,121.4,133.5
7 Iron,72.8,96.5,22.9,4910,-3.7,-4.3,0.6,1.33,132.8,143.6
7 Iron,72.8,96.4,16,3160,-6.2,-7.2,1,1.32,127.1,152.8
7 Iron,71.6,100.5,21.1,4550,-8.6,-8,-0.6,1.4,140.8,153.8
7 Iron,69.8,91.5,22.8,4016,-0.9,-0.7,-0.2,1.31,126.1,140.3
7 Iron,84.8,118,15.3,5095,-3.3,2.5,-5.8,1.39,171,183.4
7 Iron,71.7,94.5,16.4,3270,-4.6,-4.4,-0.2,1.32,125.9,149.9
7 Iron,72.2,90.1,23.1,4193,-5.3,-4.1,-1.2,1.25,122.4,136.1
7 Iron,73,97.4,16.6,2870,-2.7,-2.5,-0.2,1.33,134.2,159.6
7 Iron,72.6,96.1,21.7,4540,-5.2,-5.6,0.4,1.32,132.8,145.7
7 Iron,56.5,80.3,13.9,4540,-,-,-,1.42,88.1,111.5
7 Iron,-,72.9,7.7,2670,-,-,-,-,47.5,87.1
7 Iron,-,87,11.3,4150,-,-,-,-,95.7,124
7 Iron,-,86.6,16.2,5560,-,-,-,-,106.1,122.1
7 Iron,61.6,85.6,18.5,3210,-6.8,7,-13.8,1.39,108.4,131.5
7 Iron,64.7,84.3,21.4,3570,-6.2,3.5,-9.7,1.3,110.1,128.3
7 Iron,-,87.4,18.5,6370,-,-,-,-,109.6,121
7 Iron,65.3,70.3,33.2,8680,5.2,6.6,-1.4,1.08,78.7,80.2
7 Iron,68.1,76.2,32,7008,-1.5,0.7,-2.2,1.12,90.1,93.8
7 Iron,-,82.4,23.4,7780,-5.5,-,-,-,100.9,106.7
7 Iron,65.6,75.6,31.1,7632,-1.4,1.8,-3.2,1.15,88.8,92
7 Iron,67.1,71.4,18.7,2831,-2.9,-1.3,-1.6,1.06,77.9,102.8
7 Iron,69.9,76.3,11,2460,-17.3,-10.9,-6.4,1.09,58.2,97.6
7 Iron,64.2,83.2,21.6,2844,-5.6,-6.2,0.6,1.3,108.4,129.8
7 Iron,-,63.3,1.4,1680,-,-,-,-,6.4,44.2
7 Iron,66.3,85.5,14.6,4060,-3,7.4,-10.4,1.29,99.6,124.1
7 Iron,69.5,94.9,8,1720,-7,2.2,-9.2,1.37,80,132.5
7 Iron,70.7,92.6,22.4,3757,-3.1,3.1,-6.2,1.31,129,144.3
7 Iron,66.1,78.9,19.2,3670,-8.8,-5.6,-3.2,1.2,94.6,115.5
7 Iron,67.8,79.4,20.4,4470,-4.6,-0.4,-4.2,1.17,97.4,113.8
7 Iron,67.6,36.7,17.6,2640,-,-,-,0.54,18.8,33.8
7 Iron,65.8,85.1,20.7,3930,-7.1,-6.1,-1,1.29,109.9,127.6
7 Iron,68.6,94.8,22.6,5830,0.8,3.8,-3,1.38,126.6,135.4
7 Iron,68.5,81.4,19.3,3970,-2.1,-1.7,-0.4,1.19,100.8,119.9
7 Iron,67.5,93.8,21.7,5590,0.5,2.7,-2.2,1.39,125.5,135.5
7 Iron,-,76.5,4.9,2190,-,-,-,-,35.8,82.6
7 Iron,-,63.2,10.4,2870,-,-,-,-,42,74
7 Iron,65.8,57.7,25.2,5490,-8.3,-4.3,-4,0.88,57.5,68.7
7 Iron,65.6,86.9,22,2877,0.2,1,-0.8,1.32,118.2,138.3
7 Iron,66,91.3,24.1,6110,1.1,6.7,-5.6,1.38,119.4,127.2
7 Iron,65.1,84.1,20.6,3930,-6.6,-6.8,0.2,1.29,107.6,125.5
7 Iron,-,30.3,11.1,1530,-,-,-,-,8.4,21.5
7 Iron,68.2,89.9,16.3,3770,-9.7,-5.7,-4,1.32,114.2,136.9
7 Iron,68.6,87.7,18.1,3950,-5.1,1.9,-7,1.28,113.2,132.8
7 Iron,69.5,87.2,10.9,3850,-4.2,6.2,-10.4,1.25,92.5,123.5
7 Iron,67.3,91.2,16.1,3360,-9.9,-2.5,-7.4,1.36,118.1,142.3
7 Iron,67.3,88.4,2.6,1940,-1.7,8.5,-10.2,1.31,23.6,81.9
7 Iron,-,76.4,4.2,2040,-,-,-,-,30.6,78.7
7 Iron,-,36.6,17.6,2630,-,-,-,-,18.7,33.7
7 Iron,67.4,78.4,11.3,4930,-,-,-6.6,1.16,60.1,91.1
7 Iron,66.8,77.8,7.8,2040,-12.3,-9.9,-2.4,1.16,44.4,91.2
7 Iron,-,43.1,9.9,1910,-,-,-,-,16.3,39.1
7 Iron,66.8,70.8,18.8,1528,-3,2.4,-5.4,1.06,73.9,105.7
7 Iron,-,67.7,15.4,4210,-,-,-,-,64.4,87.5
7 Iron,66.7,81.3,15,5207,4.1,8.7,-4.6,1.22,91.3,111.2
7 Iron,67,77.9,12.8,4590,-,-,-3.4,1.16,73.3,100.2
7 Iron,62.3,88.2,16,2245,-2.2,-2.2,0,1.42,108.5,140.6
7 Iron,-,74.5,14.1,4270,-,-,-,-,75.7,100.2
7 Iron,-,68.1,12.4,3530,-,-,-,-,57.3,86.3
7 Iron,67.1,94.1,17.8,3979,-4.3,-3.9,-0.4,1.4,126.7,145.6
7 Iron,-,73.3,3.9,1880,-,-,-,-,24.5,71.4