WKT,full_id,osm_id,osm_type,golf,natural,type,surface,highway,golf_cart,bicycle,ref,par,layer,path
"MULTIPOLYGON (((-76.5845327 39.3259104,-76.5845319 39.3259041,-76.5845268 39.3259002,-76.5845209 39.3258979,-76.5845154 39.3258967,-76.5845098 39.3258987,-76.5844907 39.3259116,-76.5844655 39.3259377,-76.584461 39.3259415,-76.5844555 39.3259447,-76.5844496 39.3259542,-76.5844449 39.3259685,-76.5844438 39.3259777,-76.5844476 39.3259806,-76.5844527 39.3259825,-76.5844593 39.3259835,-76.5844654 39.3259789,-76.5844752 39.3259733,-76.5844838 39.3259694,-76.5844901 39.3259647,-76.5845015 39.3259549,-76.5845199 39.325934,-76.5845315 39.3259172,-76.5845327 39.3259104)))",w763069741,"763069741",way,bunker,sand,,,,,,,,bunkers,"memory?geometry=MultiPolygon&crs=EPSG:4326&field=full_id:string(0,0)&field=osm_id:string(0,0)&field=osm_type:string(0,0)&field=golf:string(0,0)&field=natural:string(0,0)&field=type:string(0,0)&field=surface:string(0,0)"
"MULTIPOLYGON (((-76.5842349 39.3260068,-76.5842296 39.3260015,-76.5842226 39.3259903,-76.5842161 39.3259832,-76.5842124 39.325976,-76.5842087 39.3259667,-76.5842069 39.3259471,-76.5842047 39.3259385,-76.5842004 39.3259307,-76.5841948 39.3259233,-76.5841853 39.3259195,-76.5841732 39.3259209,-76.584168 39.3259266,-76.5841631 39.3259338,-76.5841603 39.3259412,-76.5841587 39.3259519,-76.5841628 39.3259731,-76.5841668 39.3259841,-76.5841714 39.3259946,-76.5841769 39.3260042,-76.5841862 39.3260151,-76.5841955 39.3260218,-76.5842035 39.3260249,-76.5842207 39.3260266,-76.5842303 39.3260259,-76.5842388 39.3260214,-76.5842423 39.3260155,-76.5842411 39.3260104,-76.5842349 39.3260068)))",w763069743,"763069743",way,bunker,sand,,,,,,,,bunkers,"memory?geometry=MultiPolygon&crs=EPSG:4326&field=full_id:string(0,0)&field=osm_id:string(0,0)&field=osm_type:string(0,0)&field=golf:string(0,0)&field=natural:string(0,0)&field=type:string(0,0)&field=surface:string(0,0)"
"MULTIPOLYGON (((-76.5842878 39.3257918,-76.5842955 39.3257848,-76.5843045 39.3257786,-76.5843344 39.3257595,-76.5843408 39.3257562,-76.5843439 39.3257498,-76.5843452 39.3257354,-76.5843412 39.3257269,-76.5843322 39.3257223,-76.5843217 39.3257207,-76.5843122 39.3257226,-76.5842943 39.3257292,-76.5842761 39.3257409,-76.5842428 39.3257715,-76.5842313 39.3257839,-76.5842135 39.3258039,-76.5842125 39.3258101,-76.5842135 39.3258166,-76.5842165 39.3258233,-76.5842212 39.3258271,-76.5842304 39.3258297,-76.5842409 39.3258278,-76.5842517 39.325824,-76.58426 39.325818,-76.5842668 39.3258118,-76.5842739 39.325807,-76.5842878 39.3257918)))",w763069744,"763069744",way,bunker,sand,,,,,,,,bunkers,"memory?geometry=MultiPolygon&crs=EPSG:4326&field=full_id:string(0,0)&field=osm_id:string(0,0)&field=osm_type:string(0,0)&field=golf:string(0,0)&field=natural:string(0,0)&field=type:string(0,0)&field=surface:string(0,0)"
"MULTIPOLYGON (((-76.583095 39.3239943,-76.5831074 39.3239894,-76.5831104 39.3239847,-76.5831094 39.3239743,-76.5830933 39.3239518,-76.5830396 39.3239118,-76.5830031 39.3238962,-76.5829759 39.3238916,-76.5829347 39.3238926,-76.5829146 39.3238968,-76.5829102 39.3239007,-76.5829086 39.3239061,-76.5829089 39.3239118,-76.5829153 39.3239139,-76.5829582 39.3239108,-76.5829927 39.3239147,-76.5830135 39.3239206,-76.5830296 39.3239318,-76.5830544 39.323944,-76.5830591 39.3239481,-76.5830816 39.3239754,-76.5830886 39.3239912,-76.583095 39.3239943)))",w949383967,"949383967",way,bunker,sand,,,,,,,,bunkers,"memory?geometry=MultiPolygon&crs=EPSG:4326&field=full_id:string(0,0)&field=osm_id:string(0,0)&field=osm_type:string(0,0)&field=golf:string(0,0)&field=natural:string(0,0)&field=type:string(0,0)&field=surface:string(0,0)"
"MULTIPOLYGON (((-76.5812527 39.3228056,-76.5812332 39.3228131,-76.5812332 39.3228339,-76.5812771 39.3228546,-76.5813161 39.3228679,-76.581338 39.3228754,-76.58136 39.3228697,-76.5813673 39.3228546,-76.5813124 39.3228188,-76.5812527 39.3228056)))",w1035250887,"1035250887",way,bunker,sand,,,,,,,,bunkers,"memory?geometry=MultiPolygon&crs=EPSG:4326&field=full_id:string(0,0)&field=osm_id:string(0,0)&field=osm_type:string(0,0)&field=golf:string(0,0)&field=natural:string(0,0)&field=type:string(0,0)&field=surface:string(0,0)"
"MULTIPOLYGON (((-76.5814904 39.3225868,-76.5814478 39.322583,-76.5814014 39.3225962,-76.5813697 39.3226207,-76.58136 39.3226472,-76.5813746 39.3226641,-76.5814087 39.3226528,-76.5814478 39.3226264,-76.581477 39.3226075,-76.5814916 39.3226047,-76.5814904 39.3225868)))",w1035250888,"1035250888",way,bunker,sand,,,,,,,,bunkers,"memory?geometry=MultiPolygon&crs=EPSG:4326&field=full_id:string(0,0)&field=osm_id:string(0,0)&field=osm_type:string(0,0)&field=golf:string(0,0)&field=natural:string(0,0)&field=type:string(0,0)&field=surface:string(0,0)"
"MULTIPOLYGON (((-76.5779041 39.321522,-76.5778518 39.3215244,-76.5777965 39.3215173,-76.5777627 39.3215173,-76.5777566 39.3215434,-76.5777781 39.3215743,-76.5778795 39.3215696,-76.5779379 39.3215601,-76.5779717 39.3215363,-76.577944 39.3215292,-76.5779041 39.321522)))",w1035251361,"1035251361",way,bunker,sand,,,,,,,,bunkers,"memory?geometry=MultiPolygon&crs=EPSG:4326&field=full_id:string(0,0)&field=osm_id:string(0,0)&field=osm_type:string(0,0)&field=golf:string(0,0)&field=natural:string(0,0)&field=type:string(0,0)&field=surface:string(0,0)"
"MULTIPOLYGON (((-76.5781836 39.3215648,-76.5781806 39.3216028,-76.5782266 39.3216219,-76.5782819 39.3216409,-76.5783342 39.3216361,-76.5783557 39.3216052,-76.5783311 39.3215815,-76.5782666 39.3215624,-76.5782359 39.3215577,-76.5781836 39.3215648)))",w1035251362,"1035251362",way,bunker,sand,,,,,,,,bunkers,"memory?geometry=MultiPolygon&crs=EPSG:4326&field=full_id:string(0,0)&field=osm_id:string(0,0)&field=osm_type:string(0,0)&field=golf:string(0,0)&field=natural:string(0,0)&field=type:string(0,0)&field=surface:string(0,0)"
"MULTIPOLYGON (((-76.5780454 39.3212036,-76.5779962 39.3211822,-76.5779501 39.3211893,-76.5779225 39.3212083,-76.5779348 39.3212321,-76.5779901 39.3212368,-76.5780423 39.3212321,-76.5780454 39.3212036)))",w1035251363,"1035251363",way,bunker,sand,,,,,,,,bunkers,"memory?geometry=MultiPolygon&crs=EPSG:4326&field=full_id:string(0,0)&field=osm_id:string(0,0)&field=osm_type:string(0,0)&field=golf:string(0,0)&field=natural:string(0,0)&field=type:string(0,0)&field=surface:string(0,0)"
"MULTIPOLYGON (((-76.5790625 39.3202401,-76.5790226 39.3202318,-76.5789919 39.3202175,-76.5789443 39.3201937,-76.5789412 39.3202246,-76.5789688 39.3202508,-76.5790026 39.3202686,-76.5790272 39.3202769,-76.5790625 39.3202745,-76.5790687 39.3202615,-76.5790625 39.3202401)))",w1035393727,"1035393727",way,bunker,sand,,,,,,,,bunkers,"memory?geometry=MultiPolygon&crs=EPSG:4326&field=full_id:string(0,0)&field=osm_id:string(0,0)&field=osm_type:string(0,0)&field=golf:string(0,0)&field=natural:string(0,0)&field=type:string(0,0)&field=surface:string(0,0)"
"MULTIPOLYGON (((-76.5789197 39.320164,-76.5789258 39.3201414,-76.578912 39.3201189,-76.5788997 39.3201058,-76.5789043 39.320082,-76.5789089 39.3200583,-76.5789013 39.3200369,-76.5788675 39.3200488,-76.5788536 39.3200797,-76.5788536 39.3201189,-76.5788767 39.3201593,-76.5789197 39.320164)))",w1035393728,"1035393728",way,bunker,sand,,,,,,,,bunkers,"memory?geometry=MultiPolygon&crs=EPSG:4326&field=full_id:string(0,0)&field=osm_id:string(0,0)&field=osm_type:string(0,0)&field=golf:string(0,0)&field=natural:string(0,0)&field=type:string(0,0)&field=surface:string(0,0)"
"MULTIPOLYGON (((-76.5766529 39.3206866,-76.5765773 39.320713,-76.5765187 39.3207338,-76.5764895 39.320747,-76.5764992 39.3207658,-76.5765285 39.3207658,-76.5765626 39.3207451,-76.5766138 39.3207338,-76.5766577 39.3207187,-76.5766529 39.3206866)))",w1035393735,"1035393735",way,bunker,sand,,,,,,,,bunkers,"memory?geometry=MultiPolygon&crs=EPSG:4326&field=full_id:string(0,0)&field=osm_id:string(0,0)&field=osm_type:string(0,0)&field=golf:string(0,0)&field=natural:string(0,0)&field=type:string(0,0)&field=surface:string(0,0)"
"MULTIPOLYGON (((-76.5766138 39.3204376,-76.5765334 39.3204338,-76.5764041 39.3204451,-76.57637 39.3204489,-76.5763554 39.3204697,-76.5763651 39.3204904,-76.5764163 39.3204904,-76.5764944 39.3204829,-76.5765651 39.320481,-76.5766138 39.3204791,-76.5766334 39.3204602,-76.5766138 39.3204376)))",w1035393736,"1035393736",way,bunker,sand,,,,,,,,bunkers,"memory?geometry=MultiPolygon&crs=EPSG:4326&field=full_id:string(0,0)&field=osm_id:string(0,0)&field=osm_type:string(0,0)&field=golf:string(0,0)&field=natural:string(0,0)&field=type:string(0,0)&field=surface:string(0,0)"
"MULTIPOLYGON (((-76.5775271 39.3189253,-76.5775213 39.3188984,-76.5775562 39.3188684,-76.577591 39.3188549,-76.577622 39.3188594,-76.5776452 39.3188789,-76.5776336 39.3188999,-76.5775871 39.3189208,-76.5775639 39.3189313,-76.5775271 39.3189253)))",w1035393742,"1035393742",way,bunker,sand,,,,,,,,bunkers,"memory?geometry=MultiPolygon&crs=EPSG:4326&field=full_id:string(0,0)&field=osm_id:string(0,0)&field=osm_type:string(0,0)&field=golf:string(0,0)&field=natural:string(0,0)&field=type:string(0,0)&field=surface:string(0,0)"
"MULTIPOLYGON (((-76.5779355 39.3190631,-76.5779277 39.3190331,-76.5779413 39.3189672,-76.577951 39.3189448,-76.5779839 39.3189328,-76.5780071 39.3189358,-76.5780129 39.3189538,-76.5779877 39.3189792,-76.5779781 39.3190047,-76.5779723 39.3190301,-76.5779723 39.3190556,-76.5779355 39.3190631)))",w1035393743,"1035393743",way,bunker,sand,,,,,,,,bunkers,"memory?geometry=MultiPolygon&crs=EPSG:4326&field=full_id:string(0,0)&field=osm_id:string(0,0)&field=osm_type:string(0,0)&field=golf:string(0,0)&field=natural:string(0,0)&field=type:string(0,0)&field=surface:string(0,0)"
"MULTIPOLYGON (((-76.5820102 39.3182657,-76.5819502 39.3182552,-76.5818882 39.3182372,-76.5818263 39.3182387,-76.5817973 39.3182298,-76.5817624 39.3182178,-76.5817315 39.3182193,-76.5817083 39.3181998,-76.5817063 39.3181774,-76.581745 39.3181624,-76.5817741 39.3181893,-76.581836 39.3182058,-76.581865 39.3182013,-76.5818844 39.3181923,-76.5819289 39.3182163,-76.5819715 39.3182268,-76.5820198 39.3182253,-76.5820527 39.3182372,-76.5820102 39.3182657)))",w1035393748,"1035393748",way,bunker,sand,,,,,,,,bunkers,"memory?geometry=MultiPolygon&crs=EPSG:4326&field=full_id:string(0,0)&field=osm_id:string(0,0)&field=osm_type:string(0,0)&field=golf:string(0,0)&field=natural:string(0,0)&field=type:string(0,0)&field=surface:string(0,0)"
"MULTIPOLYGON (((-76.5817121 39.3184663,-76.5816812 39.3184663,-76.5816637 39.3184469,-76.5816502 39.3184244,-76.5816657 39.3183945,-76.5816889 39.318393,-76.5816928 39.3184304,-76.5817141 39.3184454,-76.5817121 39.3184663)))",w1035393749,"1035393749",way,bunker,sand,,,,,,,,bunkers,"memory?geometry=MultiPolygon&crs=EPSG:4326&field=full_id:string(0,0)&field=osm_id:string(0,0)&field=osm_type:string(0,0)&field=golf:string(0,0)&field=natural:string(0,0)&field=type:string(0,0)&field=surface:string(0,0)"
"MULTIPOLYGON (((-76.581805 39.3185202,-76.5817741 39.3185097,-76.5817489 39.3184948,-76.5817547 39.3184738,-76.5817837 39.3184678,-76.5818186 39.3184723,-76.5818341 39.3184888,-76.5818341 39.3185067,-76.581805 39.3185202)))",w1035393750,"1035393750",way,bunker,sand,,,,,,,,bunkers,"memory?geometry=MultiPolygon&crs=EPSG:4326&field=full_id:string(0,0)&field=osm_id:string(0,0)&field=osm_type:string(0,0)&field=golf:string(0,0)&field=natural:string(0,0)&field=type:string(0,0)&field=surface:string(0,0)"
"MULTIPOLYGON (((-76.5822097 39.319482,-76.5821846 39.319497,-76.582173 39.3195284,-76.5821768 39.3195658,-76.5821768 39.3195988,-76.5821788 39.3196257,-76.5821884 39.3196422,-76.5822059 39.3196482,-76.5822291 39.3196437,-76.5822407 39.3196212,-76.5822271 39.3195943,-76.5822252 39.3195688,-76.582233 39.3195449,-76.5822426 39.3195239,-76.5822504 39.3195015,-76.5822097 39.319482)))",w1035396265,"1035396265",way,bunker,sand,,,,,,,,bunkers,"memory?geometry=MultiPolygon&crs=EPSG:4326&field=full_id:string(0,0)&field=osm_id:string(0,0)&field=osm_type:string(0,0)&field=golf:string(0,0)&field=natural:string(0,0)&field=type:string(0,0)&field=surface:string(0,0)"
"MULTIPOLYGON (((-76.5821575 39.3196886,-76.5821188 39.3196871,-76.5820917 39.3196991,-76.5820375 39.3196931,-76.5819949 39.3196826,-76.5819659 39.3196736,-76.5819562 39.3196886,-76.582022 39.3197096,-76.582082 39.3197185,-76.5821246 39.319723,-76.5821575 39.3197156,-76.5821575 39.3196886)))",w1035396266,"1035396266",way,bunker,sand,,,,,,,,bunkers,"memory?geometry=MultiPolygon&crs=EPSG:4326&field=full_id:string(0,0)&field=osm_id:string(0,0)&field=osm_type:string(0,0)&field=golf:string(0,0)&field=natural:string(0,0)&field=type:string(0,0)&field=surface:string(0,0)"
"MULTIPOLYGON (((-76.5818943 39.3196227,-76.5818788 39.3196093,-76.581873 39.3195524,-76.5818769 39.3195044,-76.5819098 39.319449,-76.581931 39.319455,-76.5819078 39.3195104,-76.5819001 39.3195883,-76.5818943 39.3196227)))",w1035396267,"1035396267",way,bunker,sand,,,,,,,,bunkers,"memory?geometry=MultiPolygon&crs=EPSG:4326&field=full_id:string(0,0)&field=osm_id:string(0,0)&field=osm_type:string(0,0)&field=golf:string(0,0)&field=natural:string(0,0)&field=type:string(0,0)&field=surface:string(0,0)"
"MULTIPOLYGON (((-76.5820859 39.3211529,-76.582082 39.3211768,-76.5820955 39.3211918,-76.5821226 39.3211858,-76.5821226 39.3211634,-76.5820859 39.3211529)))",w1035398153,"1035398153",way,bunker,sand,,,,,,,,bunkers,"memory?geometry=MultiPolygon&crs=EPSG:4326&field=full_id:string(0,0)&field=osm_id:string(0,0)&field=osm_type:string(0,0)&field=golf:string(0,0)&field=natural:string(0,0)&field=type:string(0,0)&field=surface:string(0,0)"
"MULTIPOLYGON (((-76.5816504 39.3211274,-76.5816117 39.3211663,-76.581602 39.3212083,-76.5816214 39.3212292,-76.5816543 39.3212217,-76.5816698 39.3211783,-76.5816756 39.3211454,-76.5816504 39.3211274)))",w1035398154,"1035398154",way,bunker,sand,,,,,,,,bunkers,"memory?geometry=MultiPolygon&crs=EPSG:4326&field=full_id:string(0,0)&field=osm_id:string(0,0)&field=osm_type:string(0,0)&field=golf:string(0,0)&field=natural:string(0,0)&field=type:string(0,0)&field=surface:string(0,0)"
"MULTIPOLYGON (((-76.5845702 39.321535,-76.5845451 39.321511,-76.5845102 39.3214946,-76.5844812 39.3215021,-76.5844909 39.3215305,-76.5845199 39.321553,-76.5845606 39.321556,-76.5845702 39.321535)))",w1035400114,"1035400114",way,bunker,sand,,,,,,,,bunkers,"memory?geometry=MultiPolygon&crs=EPSG:4326&field=full_id:string(0,0)&field=osm_id:string(0,0)&field=osm_type:string(0,0)&field=golf:string(0,0)&field=natural:string(0,0)&field=type:string(0,0)&field=surface:string(0,0)"
"MULTIPOLYGON (((-76.5846225 39.321508,-76.5846031 39.3215125,-76.5845877 39.321532,-76.5846051 39.32155,-76.5846322 39.321535,-76.5846225 39.321508)))",w1035400115,"1035400115",way,bunker,sand,,,,,,,,bunkers,"memory?geometry=MultiPolygon&crs=EPSG:4326&field=full_id:string(0,0)&field=osm_id:string(0,0)&field=osm_type:string(0,0)&field=golf:string(0,0)&field=natural:string(0,0)&field=type:string(0,0)&field=surface:string(0,0)"
"MULTIPOLYGON (((-76.5846186 39.3214856,-76.5845644 39.3214856,-76.5845702 39.3214616,-76.5845954 39.3214601,-76.5846225 39.3214661,-76.5846186 39.3214856)))",w1035400116,"1035400116",way,bunker,sand,,,,,,,,bunkers,"memory?geometry=MultiPolygon&crs=EPSG:4326&field=full_id:string(0,0)&field=osm_id:string(0,0)&field=osm_type:string(0,0)&field=golf:string(0,0)&field=natural:string(0,0)&field=type:string(0,0)&field=surface:string(0,0)"
"MULTIPOLYGON (((-76.5849767 39.322336,-76.5849515 39.3223465,-76.5849534 39.3223704,-76.5849805 39.3223749,-76.5849921 39.3223554,-76.5849767 39.322336)))",w1035400118,"1035400118",way,bunker,sand,,,,,,,,bunkers,"memory?geometry=MultiPolygon&crs=EPSG:4326&field=full_id:string(0,0)&field=osm_id:string(0,0)&field=osm_type:string(0,0)&field=golf:string(0,0)&field=natural:string(0,0)&field=type:string(0,0)&field=surface:string(0,0)"
"MULTIPOLYGON (((-76.5845064 39.3238128,-76.5844576 39.3238241,-76.5844259 39.3238543,-76.5844381 39.3238845,-76.5844869 39.3238599,-76.5845064 39.3238128)))",w1035402097,"1035402097",way,bunker,sand,,,,,,,,bunkers,"memory?geometry=MultiPolygon&crs=EPSG:4326&field=full_id:string(0,0)&field=osm_id:string(0,0)&field=osm_type:string(0,0)&field=golf:string(0,0)&field=natural:string(0,0)&field=type:string(0,0)&field=surface:string(0,0)"
"MULTIPOLYGON (((-76.5843284 39.3239882,-76.5842894 39.3240165,-76.5842845 39.3240504,-76.584304 39.324075,-76.5843309 39.3240523,-76.584343 39.3240146,-76.5843284 39.3239882)))",w1035402098,"1035402098",way,bunker,sand,,,,,,,,bunkers,"memory?geometry=MultiPolygon&crs=EPSG:4326&field=full_id:string(0,0)&field=osm_id:string(0,0)&field=osm_type:string(0,0)&field=golf:string(0,0)&field=natural:string(0,0)&field=type:string(0,0)&field=surface:string(0,0)"
"MULTIPOLYGON (((-76.5845064 39.3239373,-76.5844772 39.3239542,-76.5844552 39.3239901,-76.5844601 39.3240184,-76.5844845 39.3240222,-76.5845089 39.323992,-76.584521 39.3239618,-76.5845064 39.3239373)))",w1035402099,"1035402099",way,bunker,sand,,,,,,,,bunkers,"memory?geometry=MultiPolygon&crs=EPSG:4326&field=full_id:string(0,0)&field=osm_id:string(0,0)&field=osm_type:string(0,0)&field=golf:string(0,0)&field=natural:string(0,0)&field=type:string(0,0)&field=surface:string(0,0)"
"MULTIPOLYGON (((-76.5842894 39.3249917,-76.584226 39.3248766,-76.584165 39.3248408,-76.5841894 39.3248219,-76.5842601 39.3248672,-76.5843138 39.3249766,-76.5842894 39.3249917)))",w1035402101,"1035402101",way,bunker,sand,,,,,,,,bunkers,"memory?geometry=MultiPolygon&crs=EPSG:4326&field=full_id:string(0,0)&field=osm_id:string(0,0)&field=osm_type:string(0,0)&field=golf:string(0,0)&field=natural:string(0,0)&field=type:string(0,0)&field=surface:string(0,0)"
"MULTIPOLYGON (((-76.5842382 39.3250464,-76.5841114 39.3250917,-76.5840943 39.3251105,-76.5840968 39.3251313,-76.5841212 39.3251407,-76.5841675 39.3251294,-76.5842358 39.3251049,-76.5842626 39.325086,-76.5842723 39.3250615,-76.5842382 39.3250464)))",w1035402102,"1035402102",way,bunker,sand,,,,,,,,bunkers,"memory?geometry=MultiPolygon&crs=EPSG:4326&field=full_id:string(0,0)&field=osm_id:string(0,0)&field=osm_type:string(0,0)&field=golf:string(0,0)&field=natural:string(0,0)&field=type:string(0,0)&field=surface:string(0,0)"
"MULTIPOLYGON (((-76.5866635 39.321777,-76.5866306 39.321753,-76.5866326 39.3217051,-76.5866481 39.3216722,-76.5866693 39.3216602,-76.5866887 39.3216737,-76.5866984 39.3217081,-76.5866887 39.32175,-76.5866635 39.321777)))",w1035403718,"1035403718",way,bunker,sand,,,,,,,,bunkers,"memory?geometry=MultiPolygon&crs=EPSG:4326&field=full_id:string(0,0)&field=osm_id:string(0,0)&field=osm_type:string(0,0)&field=golf:string(0,0)&field=natural:string(0,0)&field=type:string(0,0)&field=surface:string(0,0)"
"MULTIPOLYGON (((-76.5867216 39.3216407,-76.586681 39.3216318,-76.5866481 39.3216123,-76.5866345 39.3215928,-76.5866403 39.3215689,-76.5866616 39.3215509,-76.5866829 39.3215569,-76.5867003 39.3215809,-76.5867313 39.3215644,-76.5867564 39.3215704,-76.5867622 39.3215988,-76.5867545 39.3216258,-76.5867216 39.3216407)))",w1035403719,"1035403719",way,bunker,sand,,,,,,,,bunkers,"memory?geometry=MultiPolygon&crs=EPSG:4326&field=full_id:string(0,0)&field=osm_id:string(0,0)&field=osm_type:string(0,0)&field=golf:string(0,0)&field=natural:string(0,0)&field=type:string(0,0)&field=surface:string(0,0)"
"MULTIPOLYGON (((-76.5869538 39.3218219,-76.5869403 39.3217964,-76.586948 39.321762,-76.5869674 39.3217411,-76.5869809 39.3217126,-76.5869964 39.3216887,-76.5870042 39.3216692,-76.5870448 39.3216797,-76.5870506 39.3217126,-76.5870525 39.32175,-76.5870409 39.321786,-76.5870351 39.3218144,-76.5870158 39.3218354,-76.5869829 39.3218369,-76.5869538 39.3218219)))",w1035403720,"1035403720",way,bunker,sand,,,,,,,,bunkers,"memory?geometry=MultiPolygon&crs=EPSG:4326&field=full_id:string(0,0)&field=osm_id:string(0,0)&field=osm_type:string(0,0)&field=golf:string(0,0)&field=natural:string(0,0)&field=type:string(0,0)&field=surface:string(0,0)"
"MULTIPOLYGON (((-76.5828592 39.3242548,-76.5828709 39.3242493,-76.5828753 39.3242449,-76.5828763 39.32424,-76.5828746 39.3242296,-76.5828649 39.3242156,-76.5828407 39.324191,-76.5828286 39.3241858,-76.5828223 39.3241863,-76.5828162 39.3241894,-76.5828075 39.3241977,-76.5828109 39.3242187,-76.5828394 39.3242514,-76.5828454 39.3242545,-76.5828525 39.3242556,-76.5828592 39.3242548)))",w949383968,"949383968",way,bunker,,,sand,,,,,,Polygons,"MultiPolygon?crs=EPSG:4326&field=full_id:string(0,0)&field=osm_id:string(0,0)&field=osm_type:string(0,0)&field=golf:string(0,0)&field=surface:string(0,0)&field=highway:string(0,0)&field=golf_cart:string(0,0)&field=bicycle:string(0,0)&field=ref:string(0,0)&field=par:string(0,0)&uid={91135df8-be87-4f73-8b35-cef2c7262328}"
"MULTIPOLYGON (((-76.5782616 39.3231301,-76.5782999 39.3231161,-76.5783113 39.3231093,-76.578318 39.3231,-76.5783166 39.3230901,-76.5783079 39.3230813,-76.5782952 39.3230772,-76.5782683 39.3230798,-76.5782556 39.3230829,-76.5782361 39.3230964,-76.5782154 39.3231244,-76.5782214 39.3231342,-76.5782348 39.3231384,-76.5782616 39.3231301)))",w987380163,"987380163",way,bunker,,,sand,,,,,,Polygons,"MultiPolygon?crs=EPSG:4326&field=full_id:string(0,0)&field=osm_id:string(0,0)&field=osm_type:string(0,0)&field=golf:string(0,0)&field=surface:string(0,0)&field=highway:string(0,0)&field=golf_cart:string(0,0)&field=bicycle:string(0,0)&field=ref:string(0,0)&field=par:string(0,0)&uid={91135df8-be87-4f73-8b35-cef2c7262328}"
"MULTIPOLYGON (((-76.5784079 39.3234373,-76.5784245 39.3234288,-76.5784288 39.3234222,-76.5784254 39.3234083,-76.5784141 39.3233969,-76.5783771 39.3233918,-76.578342 39.3234006,-76.5783287 39.3234109,-76.5783287 39.3234255,-76.5783406 39.3234376,-76.5783776 39.3234434,-76.5784079 39.3234373)))",w987380164,"987380164",way,bunker,,,sand,,,,,,Polygons,"MultiPolygon?crs=EPSG:4326&field=full_id:string(0,0)&field=osm_id:string(0,0)&field=osm_type:string(0,0)&field=golf:string(0,0)&field=surface:string(0,0)&field=highway:string(0,0)&field=golf_cart:string(0,0)&field=bicycle:string(0,0)&field=ref:string(0,0)&field=par:string(0,0)&uid={91135df8-be87-4f73-8b35-cef2c7262328}"
"MULTIPOLYGON (((-76.583388 39.3264999,-76.5833967 39.3264934,-76.5833971 39.3264839,-76.583388 39.3264698,-76.5833709 39.3264587,-76.5833407 39.3264457,-76.5833149 39.3264416,-76.5833079 39.3264452,-76.5833025 39.3264525,-76.5833049 39.3264587,-76.5833139 39.3264768,-76.5833313 39.3264929,-76.5833494 39.3265002,-76.5833615 39.3265023,-76.5833756 39.3265015,-76.583388 39.3264999)))",w987528869,"987528869",way,bunker,,,sand,,,,,,Polygons,"MultiPolygon?crs=EPSG:4326&field=full_id:string(0,0)&field=osm_id:string(0,0)&field=osm_type:string(0,0)&field=golf:string(0,0)&field=surface:string(0,0)&field=highway:string(0,0)&field=golf_cart:string(0,0)&field=bicycle:string(0,0)&field=ref:string(0,0)&field=par:string(0,0)&uid={91135df8-be87-4f73-8b35-cef2c7262328}"
"MULTIPOLYGON (((-76.5834705 39.3265811,-76.5834728 39.3265723,-76.5834648 39.3265593,-76.5834507 39.3265422,-76.5834393 39.3265292,-76.5834343 39.326529,-76.5834222 39.3265331,-76.5834205 39.3265388,-76.5834249 39.3265471,-76.5834406 39.3265767,-76.583448 39.3265845,-76.5834561 39.3265863,-76.5834705 39.3265811)))",w987528870,"987528870",way,bunker,,,sand,,,,,,Polygons,"MultiPolygon?crs=EPSG:4326&field=full_id:string(0,0)&field=osm_id:string(0,0)&field=osm_type:string(0,0)&field=golf:string(0,0)&field=surface:string(0,0)&field=highway:string(0,0)&field=golf_cart:string(0,0)&field=bicycle:string(0,0)&field=ref:string(0,0)&field=par:string(0,0)&uid={91135df8-be87-4f73-8b35-cef2c7262328}"
"MULTIPOLYGON (((-76.5832757 39.326745,-76.5832713 39.3267507,-76.5832696 39.3267595,-76.5832683 39.3267663,-76.5832737 39.3267678,-76.5832864 39.326764,-76.5833256 39.326745,-76.5833618 39.3267227,-76.583386 39.3267043,-76.5834108 39.3266825,-76.5834289 39.3266589,-76.5834339 39.3266514,-76.5834276 39.3266501,-76.5834222 39.3266465,-76.5834138 39.3266454,-76.5834054 39.3266478,-76.5833887 39.326669,-76.5833578 39.3267004,-76.5833327 39.3267191,-76.5833008 39.3267321,-76.5832857 39.3267409,-76.5832757 39.326745)))",w987528871,"987528871",way,bunker,,,sand,,,,,,Polygons,"MultiPolygon?crs=EPSG:4326&field=full_id:string(0,0)&field=osm_id:string(0,0)&field=osm_type:string(0,0)&field=golf:string(0,0)&field=surface:string(0,0)&field=highway:string(0,0)&field=golf_cart:string(0,0)&field=bicycle:string(0,0)&field=ref:string(0,0)&field=par:string(0,0)&uid={91135df8-be87-4f73-8b35-cef2c7262328}"
"MULTIPOLYGON (((-76.5830909 39.3266973,-76.5830809 39.326704,-76.5830785 39.3267167,-76.5830812 39.3267261,-76.5830913 39.3267346,-76.5831124 39.3267445,-76.5831184 39.326752,-76.5831218 39.3267645,-76.5831272 39.3267793,-76.5831365 39.326787,-76.5831473 39.3267904,-76.5831624 39.3267886,-76.5831751 39.3267805,-76.5831821 39.3267689,-76.5831808 39.3267564,-76.5831694 39.3267375,-76.5831436 39.3267087,-76.5831258 39.3266986,-76.5831074 39.326695,-76.5830909 39.3266973)))",w987528872,"987528872",way,bunker,,,sand,,,,,,Polygons,"MultiPolygon?crs=EPSG:4326&field=full_id:string(0,0)&field=osm_id:string(0,0)&field=osm_type:string(0,0)&field=golf:string(0,0)&field=surface:string(0,0)&field=highway:string(0,0)&field=golf_cart:string(0,0)&field=bicycle:string(0,0)&field=ref:string(0,0)&field=par:string(0,0)&uid={91135df8-be87-4f73-8b35-cef2c7262328}"
"MULTIPOLYGON (((-76.5830806 39.3266568,-76.5830909 39.3266506,-76.5830913 39.3266413,-76.5830863 39.3266205,-76.5830732 39.3265876,-76.5830645 39.3265767,-76.5830547 39.3265705,-76.5830396 39.3265705,-76.5830239 39.3265775,-76.5830132 39.3265902,-76.5830098 39.3266032,-76.5830132 39.3266125,-76.5830192 39.3266174,-76.583036 39.3266216,-76.5830484 39.3266242,-76.5830521 39.3266291,-76.5830554 39.3266395,-76.5830604 39.3266465,-76.5830628 39.3266504,-76.5830645 39.3266548,-76.5830705 39.3266571,-76.5830806 39.3266568)))",w987528873,"987528873",way,bunker,,,sand,,,,,,Polygons,"MultiPolygon?crs=EPSG:4326&field=full_id:string(0,0)&field=osm_id:string(0,0)&field=osm_type:string(0,0)&field=golf:string(0,0)&field=surface:string(0,0)&field=highway:string(0,0)&field=golf_cart:string(0,0)&field=bicycle:string(0,0)&field=ref:string(0,0)&field=par:string(0,0)&uid={91135df8-be87-4f73-8b35-cef2c7262328}"
"MULTIPOLYGON (((-76.5811471 39.3244383,-76.5811352 39.324432,-76.5811177 39.3244265,-76.5810565 39.3244133,-76.5810328 39.3244126,-76.5810195 39.3244159,-76.5810115 39.3244243,-76.58101 39.3244361,-76.5810152 39.3244467,-76.5810361 39.3244559,-76.5811091 39.3244746,-76.5811352 39.3244768,-76.5811532 39.3244735,-76.5811627 39.324468,-76.5811675 39.3244584,-76.5811618 39.3244496,-76.5811471 39.3244383)))",w987528879,"987528879",way,bunker,,,sand,,,,,,Polygons,"MultiPolygon?crs=EPSG:4326&field=full_id:string(0,0)&field=osm_id:string(0,0)&field=osm_type:string(0,0)&field=golf:string(0,0)&field=surface:string(0,0)&field=highway:string(0,0)&field=golf_cart:string(0,0)&field=bicycle:string(0,0)&field=ref:string(0,0)&field=par:string(0,0)&uid={91135df8-be87-4f73-8b35-cef2c7262328}"
"MULTIPOLYGON (((-76.577754 39.3222045,-76.5777664 39.3221938,-76.5777683 39.3221788,-76.577764 39.3221671,-76.5777493 39.3221583,-76.5777336 39.3221601,-76.5777284 39.3221704,-76.5777303 39.3221865,-76.5777417 39.3222048,-76.577754 39.3222045)))",w987700795,"987700795",way,bunker,,,sand,,,,,,Polygons,"MultiPolygon?crs=EPSG:4326&field=full_id:string(0,0)&field=osm_id:string(0,0)&field=osm_type:string(0,0)&field=golf:string(0,0)&field=surface:string(0,0)&field=highway:string(0,0)&field=golf_cart:string(0,0)&field=bicycle:string(0,0)&field=ref:string(0,0)&field=par:string(0,0)&uid={91135df8-be87-4f73-8b35-cef2c7262328}"
"MULTIPOLYGON (((-76.5792115 39.3245561,-76.5792148 39.3245478,-76.5792145 39.3245395,-76.5791994 39.3245283,-76.579186 39.3245216,-76.5791582 39.3245138,-76.5791105 39.3245029,-76.5790851 39.3245019,-76.579071 39.3245081,-76.5790656 39.3245187,-76.579068 39.3245296,-76.579077 39.3245379,-76.5790981 39.3245441,-76.5791344 39.3245488,-76.5791739 39.3245581,-76.579195 39.3245579,-76.5792115 39.3245561)))",w987700806,"987700806",way,bunker,,,sand,,,,,,Polygons,"MultiPolygon?crs=EPSG:4326&field=full_id:string(0,0)&field=osm_id:string(0,0)&field=osm_type:string(0,0)&field=golf:string(0,0)&field=surface:string(0,0)&field=highway:string(0,0)&field=golf_cart:string(0,0)&field=bicycle:string(0,0)&field=ref:string(0,0)&field=par:string(0,0)&uid={91135df8-be87-4f73-8b35-cef2c7262328}"
"MULTIPOLYGON (((-76.5789285 39.3246754,-76.5789339 39.3246691,-76.5789335 39.324658,-76.5789308 39.3246404,-76.5789318 39.3246263,-76.5789392 39.3246072,-76.5789409 39.3245957,-76.5789382 39.324583,-76.5789288 39.3245776,-76.5789137 39.3245755,-76.5789007 39.3245799,-76.5788966 39.3245887,-76.5788913 39.3246302,-76.5788916 39.3246507,-76.5788953 39.3246658,-76.578901 39.3246748,-76.5789084 39.3246767,-76.5789194 39.3246772,-76.5789285 39.3246754)))",w987700807,"987700807",way,bunker,,,sand,,,,,,Polygons,"MultiPolygon?crs=EPSG:4326&field=full_id:string(0,0)&field=osm_id:string(0,0)&field=osm_type:string(0,0)&field=golf:string(0,0)&field=surface:string(0,0)&field=highway:string(0,0)&field=golf_cart:string(0,0)&field=bicycle:string(0,0)&field=ref:string(0,0)&field=par:string(0,0)&uid={91135df8-be87-4f73-8b35-cef2c7262328}"
"MULTIPOLYGON (((-76.5789825 39.3247677,-76.5789925 39.3247612,-76.5789929 39.3247516,-76.5789878 39.3247402,-76.5789744 39.3247239,-76.5789546 39.3247096,-76.5789389 39.3246987,-76.5789272 39.3246987,-76.5789141 39.3247067,-76.5789141 39.3247176,-76.5789251 39.3247379,-76.5789412 39.3247537,-76.5789624 39.3247672,-76.5789744 39.3247693,-76.5789825 39.3247677)))",w987700808,"987700808",way,bunker,,,sand,,,,,,Polygons,"MultiPolygon?crs=EPSG:4326&field=full_id:string(0,0)&field=osm_id:string(0,0)&field=osm_type:string(0,0)&field=golf:string(0,0)&field=surface:string(0,0)&field=highway:string(0,0)&field=golf_cart:string(0,0)&field=bicycle:string(0,0)&field=ref:string(0,0)&field=par:string(0,0)&uid={91135df8-be87-4f73-8b35-cef2c7262328}"
"MULTIPOLYGON (((-76.5791561 39.3248299,-76.5791645 39.324824,-76.5791642 39.3248152,-76.5791401 39.3248009,-76.5791149 39.3247944,-76.5790831 39.324784,-76.5790596 39.3247778,-76.5790348 39.324777,-76.5790284 39.3247814,-76.5790261 39.3247916,-76.5790351 39.3247988,-76.5790589 39.3248089,-76.5790851 39.324818,-76.5791126 39.3248294,-76.579136 39.3248315,-76.5791561 39.3248299)))",w987700809,"987700809",way,bunker,,,sand,,,,,,Polygons,"MultiPolygon?crs=EPSG:4326&field=full_id:string(0,0)&field=osm_id:string(0,0)&field=osm_type:string(0,0)&field=golf:string(0,0)&field=surface:string(0,0)&field=highway:string(0,0)&field=golf_cart:string(0,0)&field=bicycle:string(0,0)&field=ref:string(0,0)&field=par:string(0,0)&uid={91135df8-be87-4f73-8b35-cef2c7262328}"
